Tool,avg(precision),avg(recall),avg(f1)
ALIN,0.6194285714285714,0.35747619047619045,0.4423333333333334
AML,0.5871428571428572,0.4825714285714286,0.521809523809524
DOME,0.571952380952381,0.3786190476190476,0.4451428571428573
Lily,0.41604761904761894,0.40757142857142864,0.40214285714285725
LogMap,0.5840000000000001,0.452952380952381,0.5010952380952381
LogMapLt,0.5256666666666666,0.37985714285714284,0.4301428571428571
ONTMAT1,0.6062380952380952,0.33866666666666667,0.41900000000000004
SANOM,0.5105238095238095,0.5354761904761903,0.5127142857142857
Wiktionary,0.4906666666666666,0.3974761904761904,0.42914285714285716
