Tool,avg(precision),avg(recall),avg(f1)
ALIN,0.8796190476190475,0.48157142857142854,0.6092380952380954
AML,0.8454761904761904,0.6782857142857143,0.7422380952380954
DOME,0.809,0.5140476190476191,0.6143809523809525
Lily,0.5863809523809523,0.5417142857142858,0.5452857142857143
LogMap,0.8402380952380952,0.6162857142857143,0.6969523809523811
LogMapLt,0.7597142857142858,0.526,0.6076190476190477
ONTMAT1,0.8659047619047617,0.4413809523809524,0.5646190476190476
SANOM,0.7375238095238096,0.7302380952380952,0.7210952380952382
Wiktionary,0.7002380952380952,0.5637619047619048,0.6133809523809524
