"Matcher","avg(precision)","avg(recall)","avg(f1)"
"ALIN",0.619333333333333,0.357190476190476,0.438904761904762
"AML",0.586904761904762,0.482380952380953,0.521619047619048
"DOME",0.571714285714286,0.378333333333333,0.442714285714286
"Lily",0.415857142857143,0.407285714285714,0.393857142857143
"LogMap",0.583857142857143,0.452857142857143,0.500952380952381
"LogMapLt",0.52552380952381,0.379619047619048,0.426380952380952
"ONTMAT1",0.606095238095238,0.33852380952381,0.416714285714286
"SANOM",0.510333333333333,0.535333333333333,0.512523809523809
"Wiktionary",0.490380952380952,0.397285714285714,0.423285714285714
